City of Toronto, 43.653226, -79.3831843
Metex Inc., 43.7185217, -79.3376197
MEDe-care Healthcare Solutions Inc, 43.6794229, -79.295936
Digiflare, 43.6475574, -79.3891094
SRYAS INC., 43.6486362, -79.3817439
Ministry of the Environment and Climate Change, 43.7893668, -79.2360325
Public Health Ontario, 43.6550684, -79.3888853
BlueCat, 43.7454475, -79.4067605
Vena Solutions, 43.6458929, -79.5234956
St Joseph's Health Centre, 43.640526, -79.450172
St Joseph's Health Centre Toronto, 43.640526, -79.450172
GGY Axis, 43.7660603, -79.4115369
