Worker's Compensation Board of Manitoba, 49.8875695, -97.142398
Workers Compensation Board of Manitoba, 49.8875787, -97.1423909
Gardewine Group L.P., 49.933525, -97.223217
Hippo CMMS, 49.896841, -97.1397549
ERLPhase Power Technologies Ltd., 49.8178805, -97.1884613
City of Winnipeg, 49.895136, -97.1383744
Manitoba Government, 49.8956387, -97.1402947
Habitat for Humanity Manitoba, 49.900431, -97.106356
IDFusion Software, 49.895049, -97.1114992
Cholakis Dental, 49.866843, -97.212029
ID Fusion Software, 49.895049, -97.1114992
